blk.47.ffn_gate_exps.weight,3,1
blk.47.ffn_gate_exps.weight,4,4
blk.47.ffn_gate_exps.weight,11,1
blk.47.ffn_gate_exps.weight,27,1
blk.47.ffn_gate_exps.weight,31,1
blk.47.ffn_gate_exps.weight,40,1
blk.47.ffn_gate_exps.weight,44,2
blk.47.ffn_gate_exps.weight,48,4
blk.47.ffn_gate_exps.weight,50,4
blk.47.ffn_gate_exps.weight,51,2
blk.47.ffn_gate_exps.weight,52,1
blk.47.ffn_gate_exps.weight,60,9
blk.47.ffn_gate_exps.weight,64,2
blk.47.ffn_gate_exps.weight,72,7
blk.47.ffn_gate_exps.weight,77,1
blk.47.ffn_gate_exps.weight,79,4
blk.47.ffn_gate_exps.weight,82,1
blk.47.ffn_gate_exps.weight,90,3
blk.47.ffn_gate_exps.weight,92,1
blk.47.ffn_gate_exps.weight,95,6
blk.47.ffn_gate_exps.weight,96,1
blk.47.ffn_gate_exps.weight,98,2
blk.47.ffn_gate_exps.weight,100,4
blk.47.ffn_gate_exps.weight,108,3
blk.47.ffn_gate_exps.weight,120,2
blk.47.ffn_gate_exps.weight,122,3
blk.47.ffn_gate_exps.weight,128,1
blk.47.ffn_gate_exps.weight,129,1
blk.47.ffn_gate_exps.weight,131,1
blk.47.ffn_gate_exps.weight,136,1
blk.47.ffn_gate_exps.weight,138,6
blk.47.ffn_gate_exps.weight,140,1
blk.47.ffn_gate_exps.weight,143,5
blk.47.ffn_gate_exps.weight,148,12
blk.47.ffn_gate_exps.weight,151,1
blk.47.ffn_gate_exps.weight,154,1
blk.47.ffn_gate_exps.weight,157,55
blk.47.ffn_gate_exps.weight,159,1
blk.47.ffn_gate_exps.weight,163,1
blk.47.ffn_gate_exps.weight,168,1
blk.47.ffn_gate_exps.weight,171,3
blk.47.ffn_gate_exps.weight,176,5
blk.47.ffn_gate_exps.weight,179,8
blk.47.ffn_gate_exps.weight,183,2
blk.47.ffn_gate_exps.weight,186,6
blk.47.ffn_gate_exps.weight,189,3
blk.47.ffn_gate_exps.weight,201,1
blk.47.ffn_gate_exps.weight,202,1
blk.47.ffn_gate_exps.weight,203,2
blk.47.ffn_gate_exps.weight,204,9
blk.47.ffn_gate_exps.weight,207,1
blk.47.ffn_gate_exps.weight,215,1
blk.47.ffn_gate_exps.weight,220,4
blk.47.ffn_gate_exps.weight,222,1
blk.47.ffn_gate_exps.weight,224,8
blk.47.ffn_gate_exps.weight,225,3
blk.47.ffn_gate_exps.weight,227,1
blk.47.ffn_gate_exps.weight,231,6
blk.47.ffn_gate_exps.weight,233,4
blk.47.ffn_gate_exps.weight,235,2
blk.47.ffn_gate_exps.weight,241,1
blk.47.ffn_gate_exps.weight,242,45
blk.47.ffn_gate_exps.weight,244,1
blk.47.ffn_gate_exps.weight,245,1
blk.47.ffn_gate_exps.weight,249,1
blk.47.ffn_gate_exps.weight,254,7
blk.47.ffn_gate_exps.weight,257,2
blk.47.ffn_gate_exps.weight,260,2
blk.47.ffn_gate_exps.weight,271,4
blk.47.ffn_gate_exps.weight,273,6
blk.47.ffn_gate_exps.weight,278,1
blk.47.ffn_gate_exps.weight,284,1
blk.47.ffn_gate_exps.weight,286,1
blk.47.ffn_gate_exps.weight,289,2
blk.47.ffn_gate_exps.weight,294,1
blk.47.ffn_gate_exps.weight,299,1
blk.47.ffn_gate_exps.weight,303,7
blk.47.ffn_gate_exps.weight,305,1
blk.47.ffn_gate_exps.weight,310,3
blk.47.ffn_gate_exps.weight,318,1
blk.47.ffn_gate_exps.weight,332,1
blk.47.ffn_gate_exps.weight,334,3
blk.47.ffn_gate_exps.weight,336,1
blk.47.ffn_gate_exps.weight,337,2
blk.47.ffn_gate_exps.weight,340,1
blk.47.ffn_gate_exps.weight,343,7
blk.47.ffn_gate_exps.weight,344,2
blk.47.ffn_gate_exps.weight,345,4
blk.47.ffn_gate_exps.weight,346,2
blk.47.ffn_gate_exps.weight,351,3
blk.47.ffn_gate_exps.weight,352,5
blk.47.ffn_gate_exps.weight,355,2
blk.47.ffn_gate_exps.weight,365,9
blk.47.ffn_gate_exps.weight,369,3
blk.47.ffn_gate_exps.weight,370,1
blk.47.ffn_gate_exps.weight,376,3
blk.47.ffn_gate_exps.weight,380,1
blk.47.ffn_gate_exps.weight,381,2
blk.47.ffn_gate_exps.weight,390,2
blk.47.ffn_gate_exps.weight,394,3
blk.47.ffn_gate_exps.weight,395,1
blk.47.ffn_gate_exps.weight,398,48
blk.47.ffn_gate_exps.weight,399,8
blk.47.ffn_gate_exps.weight,403,4
blk.47.ffn_gate_exps.weight,409,1
blk.47.ffn_gate_exps.weight,412,2
blk.47.ffn_gate_exps.weight,413,1
blk.47.ffn_gate_exps.weight,416,3
blk.47.ffn_gate_exps.weight,417,3
blk.47.ffn_gate_exps.weight,418,4
blk.47.ffn_gate_exps.weight,419,1
blk.47.ffn_gate_exps.weight,420,1
blk.47.ffn_gate_exps.weight,423,22
blk.47.ffn_gate_exps.weight,425,2
blk.47.ffn_gate_exps.weight,430,3
blk.47.ffn_gate_exps.weight,433,2
blk.47.ffn_gate_exps.weight,438,2
blk.47.ffn_gate_exps.weight,442,23
blk.47.ffn_gate_exps.weight,444,2
blk.47.ffn_gate_exps.weight,445,7
blk.47.ffn_gate_exps.weight,446,2
blk.47.ffn_gate_exps.weight,450,1
blk.47.ffn_gate_exps.weight,451,1
blk.47.ffn_gate_exps.weight,454,1
blk.47.ffn_gate_exps.weight,456,1
blk.47.ffn_gate_exps.weight,457,2
blk.47.ffn_gate_exps.weight,460,2
blk.47.ffn_gate_exps.weight,462,3
blk.47.ffn_gate_exps.weight,464,1
blk.47.ffn_gate_exps.weight,465,2
blk.47.ffn_gate_exps.weight,466,1
blk.47.ffn_gate_exps.weight,469,3
blk.47.ffn_gate_exps.weight,470,2
blk.47.ffn_gate_exps.weight,472,2
blk.47.ffn_gate_exps.weight,479,6
blk.47.ffn_gate_exps.weight,485,5
blk.47.ffn_gate_exps.weight,486,1
blk.47.ffn_gate_exps.weight,487,1
blk.47.ffn_gate_exps.weight,488,1
blk.47.ffn_gate_exps.weight,491,3
blk.47.ffn_gate_exps.weight,494,1
blk.47.ffn_gate_exps.weight,496,2
blk.47.ffn_gate_exps.weight,498,3
blk.47.ffn_gate_exps.weight,503,1
blk.47.ffn_gate_exps.weight,504,1
blk.47.ffn_gate_exps.weight,508,3
blk.47.ffn_gate_exps.weight,509,2
blk.47.ffn_up_exps.weight,3,1
blk.47.ffn_up_exps.weight,4,4
blk.47.ffn_up_exps.weight,11,1
blk.47.ffn_up_exps.weight,27,1
blk.47.ffn_up_exps.weight,31,1
blk.47.ffn_up_exps.weight,40,1
blk.47.ffn_up_exps.weight,44,2
blk.47.ffn_up_exps.weight,48,4
blk.47.ffn_up_exps.weight,50,4
blk.47.ffn_up_exps.weight,51,2
blk.47.ffn_up_exps.weight,52,1
blk.47.ffn_up_exps.weight,60,9
blk.47.ffn_up_exps.weight,64,2
blk.47.ffn_up_exps.weight,72,7
blk.47.ffn_up_exps.weight,77,1
blk.47.ffn_up_exps.weight,79,4
blk.47.ffn_up_exps.weight,82,1
blk.47.ffn_up_exps.weight,90,3
blk.47.ffn_up_exps.weight,92,1
blk.47.ffn_up_exps.weight,95,6
blk.47.ffn_up_exps.weight,96,1
blk.47.ffn_up_exps.weight,98,2
blk.47.ffn_up_exps.weight,100,4
blk.47.ffn_up_exps.weight,108,3
blk.47.ffn_up_exps.weight,120,2
blk.47.ffn_up_exps.weight,122,3
blk.47.ffn_up_exps.weight,128,1
blk.47.ffn_up_exps.weight,129,1
blk.47.ffn_up_exps.weight,131,1
blk.47.ffn_up_exps.weight,136,1
blk.47.ffn_up_exps.weight,138,6
blk.47.ffn_up_exps.weight,140,1
blk.47.ffn_up_exps.weight,143,5
blk.47.ffn_up_exps.weight,148,12
blk.47.ffn_up_exps.weight,151,1
blk.47.ffn_up_exps.weight,154,1
blk.47.ffn_up_exps.weight,157,55
blk.47.ffn_up_exps.weight,159,1
blk.47.ffn_up_exps.weight,163,1
blk.47.ffn_up_exps.weight,168,1
blk.47.ffn_up_exps.weight,171,3
blk.47.ffn_up_exps.weight,176,5
blk.47.ffn_up_exps.weight,179,8
blk.47.ffn_up_exps.weight,183,2
blk.47.ffn_up_exps.weight,186,6
blk.47.ffn_up_exps.weight,189,3
blk.47.ffn_up_exps.weight,201,1
blk.47.ffn_up_exps.weight,202,1
blk.47.ffn_up_exps.weight,203,2
blk.47.ffn_up_exps.weight,204,9
blk.47.ffn_up_exps.weight,207,1
blk.47.ffn_up_exps.weight,215,1
blk.47.ffn_up_exps.weight,220,4
blk.47.ffn_up_exps.weight,222,1
blk.47.ffn_up_exps.weight,224,8
blk.47.ffn_up_exps.weight,225,3
blk.47.ffn_up_exps.weight,227,1
blk.47.ffn_up_exps.weight,231,6
blk.47.ffn_up_exps.weight,233,4
blk.47.ffn_up_exps.weight,235,2
blk.47.ffn_up_exps.weight,241,1
blk.47.ffn_up_exps.weight,242,45
blk.47.ffn_up_exps.weight,244,1
blk.47.ffn_up_exps.weight,245,1
blk.47.ffn_up_exps.weight,249,1
blk.47.ffn_up_exps.weight,254,7
blk.47.ffn_up_exps.weight,257,2
blk.47.ffn_up_exps.weight,260,2
blk.47.ffn_up_exps.weight,271,4
blk.47.ffn_up_exps.weight,273,6
blk.47.ffn_up_exps.weight,278,1
blk.47.ffn_up_exps.weight,284,1
blk.47.ffn_up_exps.weight,286,1
blk.47.ffn_up_exps.weight,289,2
blk.47.ffn_up_exps.weight,294,1
blk.47.ffn_up_exps.weight,299,1
blk.47.ffn_up_exps.weight,303,7
blk.47.ffn_up_exps.weight,305,1
blk.47.ffn_up_exps.weight,310,3
blk.47.ffn_up_exps.weight,318,1
blk.47.ffn_up_exps.weight,332,1
blk.47.ffn_up_exps.weight,334,3
blk.47.ffn_up_exps.weight,336,1
blk.47.ffn_up_exps.weight,337,2
blk.47.ffn_up_exps.weight,340,1
blk.47.ffn_up_exps.weight,343,7
blk.47.ffn_up_exps.weight,344,2
blk.47.ffn_up_exps.weight,345,4
blk.47.ffn_up_exps.weight,346,2
blk.47.ffn_up_exps.weight,351,3
blk.47.ffn_up_exps.weight,352,5
blk.47.ffn_up_exps.weight,355,2
blk.47.ffn_up_exps.weight,365,9
blk.47.ffn_up_exps.weight,369,3
blk.47.ffn_up_exps.weight,370,1
blk.47.ffn_up_exps.weight,376,3
blk.47.ffn_up_exps.weight,380,1
blk.47.ffn_up_exps.weight,381,2
blk.47.ffn_up_exps.weight,390,2
blk.47.ffn_up_exps.weight,394,3
blk.47.ffn_up_exps.weight,395,1
blk.47.ffn_up_exps.weight,398,48
blk.47.ffn_up_exps.weight,399,8
blk.47.ffn_up_exps.weight,403,4
blk.47.ffn_up_exps.weight,409,1
blk.47.ffn_up_exps.weight,412,2
blk.47.ffn_up_exps.weight,413,1
blk.47.ffn_up_exps.weight,416,3
blk.47.ffn_up_exps.weight,417,3
blk.47.ffn_up_exps.weight,418,4
blk.47.ffn_up_exps.weight,419,1
blk.47.ffn_up_exps.weight,420,1
blk.47.ffn_up_exps.weight,423,22
blk.47.ffn_up_exps.weight,425,2
blk.47.ffn_up_exps.weight,430,3
blk.47.ffn_up_exps.weight,433,2
blk.47.ffn_up_exps.weight,438,2
blk.47.ffn_up_exps.weight,442,23
blk.47.ffn_up_exps.weight,444,2
blk.47.ffn_up_exps.weight,445,7
blk.47.ffn_up_exps.weight,446,2
blk.47.ffn_up_exps.weight,450,1
blk.47.ffn_up_exps.weight,451,1
blk.47.ffn_up_exps.weight,454,1
blk.47.ffn_up_exps.weight,456,1
blk.47.ffn_up_exps.weight,457,2
blk.47.ffn_up_exps.weight,460,2
blk.47.ffn_up_exps.weight,462,3
blk.47.ffn_up_exps.weight,464,1
blk.47.ffn_up_exps.weight,465,2
blk.47.ffn_up_exps.weight,466,1
blk.47.ffn_up_exps.weight,469,3
blk.47.ffn_up_exps.weight,470,2
blk.47.ffn_up_exps.weight,472,2
blk.47.ffn_up_exps.weight,479,6
blk.47.ffn_up_exps.weight,485,5
blk.47.ffn_up_exps.weight,486,1
blk.47.ffn_up_exps.weight,487,1
blk.47.ffn_up_exps.weight,488,1
blk.47.ffn_up_exps.weight,491,3
blk.47.ffn_up_exps.weight,494,1
blk.47.ffn_up_exps.weight,496,2
blk.47.ffn_up_exps.weight,498,3
blk.47.ffn_up_exps.weight,503,1
blk.47.ffn_up_exps.weight,504,1
blk.47.ffn_up_exps.weight,508,3
blk.47.ffn_up_exps.weight,509,2
blk.47.ffn_down_exps.weight,3,1
blk.47.ffn_down_exps.weight,4,4
blk.47.ffn_down_exps.weight,11,1
blk.47.ffn_down_exps.weight,27,1
blk.47.ffn_down_exps.weight,31,1
blk.47.ffn_down_exps.weight,40,1
blk.47.ffn_down_exps.weight,44,2
blk.47.ffn_down_exps.weight,48,4
blk.47.ffn_down_exps.weight,50,4
blk.47.ffn_down_exps.weight,51,2
blk.47.ffn_down_exps.weight,52,1
blk.47.ffn_down_exps.weight,60,9
blk.47.ffn_down_exps.weight,64,2
blk.47.ffn_down_exps.weight,72,7
blk.47.ffn_down_exps.weight,77,1
blk.47.ffn_down_exps.weight,79,4
blk.47.ffn_down_exps.weight,82,1
blk.47.ffn_down_exps.weight,90,3
blk.47.ffn_down_exps.weight,92,1
blk.47.ffn_down_exps.weight,95,6
blk.47.ffn_down_exps.weight,96,1
blk.47.ffn_down_exps.weight,98,2
blk.47.ffn_down_exps.weight,100,4
blk.47.ffn_down_exps.weight,108,3
blk.47.ffn_down_exps.weight,120,2
blk.47.ffn_down_exps.weight,122,3
blk.47.ffn_down_exps.weight,128,1
blk.47.ffn_down_exps.weight,129,1
blk.47.ffn_down_exps.weight,131,1
blk.47.ffn_down_exps.weight,136,1
blk.47.ffn_down_exps.weight,138,6
blk.47.ffn_down_exps.weight,140,1
blk.47.ffn_down_exps.weight,143,5
blk.47.ffn_down_exps.weight,148,12
blk.47.ffn_down_exps.weight,151,1
blk.47.ffn_down_exps.weight,154,1
blk.47.ffn_down_exps.weight,157,55
blk.47.ffn_down_exps.weight,159,1
blk.47.ffn_down_exps.weight,163,1
blk.47.ffn_down_exps.weight,168,1
blk.47.ffn_down_exps.weight,171,3
blk.47.ffn_down_exps.weight,176,5
blk.47.ffn_down_exps.weight,179,8
blk.47.ffn_down_exps.weight,183,2
blk.47.ffn_down_exps.weight,186,6
blk.47.ffn_down_exps.weight,189,3
blk.47.ffn_down_exps.weight,201,1
blk.47.ffn_down_exps.weight,202,1
blk.47.ffn_down_exps.weight,203,2
blk.47.ffn_down_exps.weight,204,9
blk.47.ffn_down_exps.weight,207,1
blk.47.ffn_down_exps.weight,215,1
blk.47.ffn_down_exps.weight,220,4
blk.47.ffn_down_exps.weight,222,1
blk.47.ffn_down_exps.weight,224,8
blk.47.ffn_down_exps.weight,225,3
blk.47.ffn_down_exps.weight,227,1
blk.47.ffn_down_exps.weight,231,6
blk.47.ffn_down_exps.weight,233,4
blk.47.ffn_down_exps.weight,235,2
blk.47.ffn_down_exps.weight,241,1
blk.47.ffn_down_exps.weight,242,45
blk.47.ffn_down_exps.weight,244,1
blk.47.ffn_down_exps.weight,245,1
blk.47.ffn_down_exps.weight,249,1
blk.47.ffn_down_exps.weight,254,7
blk.47.ffn_down_exps.weight,257,2
blk.47.ffn_down_exps.weight,260,2
blk.47.ffn_down_exps.weight,271,4
blk.47.ffn_down_exps.weight,273,6
blk.47.ffn_down_exps.weight,278,1
blk.47.ffn_down_exps.weight,284,1
blk.47.ffn_down_exps.weight,286,1
blk.47.ffn_down_exps.weight,289,2
blk.47.ffn_down_exps.weight,294,1
blk.47.ffn_down_exps.weight,299,1
blk.47.ffn_down_exps.weight,303,7
blk.47.ffn_down_exps.weight,305,1
blk.47.ffn_down_exps.weight,310,3
blk.47.ffn_down_exps.weight,318,1
blk.47.ffn_down_exps.weight,332,1
blk.47.ffn_down_exps.weight,334,3
blk.47.ffn_down_exps.weight,336,1
blk.47.ffn_down_exps.weight,337,2
blk.47.ffn_down_exps.weight,340,1
blk.47.ffn_down_exps.weight,343,7
blk.47.ffn_down_exps.weight,344,2
blk.47.ffn_down_exps.weight,345,4
blk.47.ffn_down_exps.weight,346,2
blk.47.ffn_down_exps.weight,351,3
blk.47.ffn_down_exps.weight,352,5
blk.47.ffn_down_exps.weight,355,2
blk.47.ffn_down_exps.weight,365,9
blk.47.ffn_down_exps.weight,369,3
blk.47.ffn_down_exps.weight,370,1
blk.47.ffn_down_exps.weight,376,3
blk.47.ffn_down_exps.weight,380,1
blk.47.ffn_down_exps.weight,381,2
blk.47.ffn_down_exps.weight,390,2
blk.47.ffn_down_exps.weight,394,3
blk.47.ffn_down_exps.weight,395,1
blk.47.ffn_down_exps.weight,398,48
blk.47.ffn_down_exps.weight,399,8
blk.47.ffn_down_exps.weight,403,4
blk.47.ffn_down_exps.weight,409,1
blk.47.ffn_down_exps.weight,412,2
blk.47.ffn_down_exps.weight,413,1
blk.47.ffn_down_exps.weight,416,3
blk.47.ffn_down_exps.weight,417,3
blk.47.ffn_down_exps.weight,418,4
blk.47.ffn_down_exps.weight,419,1
blk.47.ffn_down_exps.weight,420,1
blk.47.ffn_down_exps.weight,423,22
blk.47.ffn_down_exps.weight,425,2
blk.47.ffn_down_exps.weight,430,3
blk.47.ffn_down_exps.weight,433,2
blk.47.ffn_down_exps.weight,438,2
blk.47.ffn_down_exps.weight,442,23
blk.47.ffn_down_exps.weight,444,2
blk.47.ffn_down_exps.weight,445,7
blk.47.ffn_down_exps.weight,446,2
blk.47.ffn_down_exps.weight,450,1
blk.47.ffn_down_exps.weight,451,1
blk.47.ffn_down_exps.weight,454,1
blk.47.ffn_down_exps.weight,456,1
blk.47.ffn_down_exps.weight,457,2
blk.47.ffn_down_exps.weight,460,2
blk.47.ffn_down_exps.weight,462,3
blk.47.ffn_down_exps.weight,464,1
blk.47.ffn_down_exps.weight,465,2
blk.47.ffn_down_exps.weight,466,1
blk.47.ffn_down_exps.weight,469,3
blk.47.ffn_down_exps.weight,470,2
blk.47.ffn_down_exps.weight,472,2
blk.47.ffn_down_exps.weight,479,6
blk.47.ffn_down_exps.weight,485,5
blk.47.ffn_down_exps.weight,486,1
blk.47.ffn_down_exps.weight,487,1
blk.47.ffn_down_exps.weight,488,1
blk.47.ffn_down_exps.weight,491,3
blk.47.ffn_down_exps.weight,494,1
blk.47.ffn_down_exps.weight,496,2
blk.47.ffn_down_exps.weight,498,3
blk.47.ffn_down_exps.weight,503,1
blk.47.ffn_down_exps.weight,504,1
blk.47.ffn_down_exps.weight,508,3
blk.47.ffn_down_exps.weight,509,2
